<?xml version="1.0" encoding="UTF-8"?>
<Saved>
    <Cars>
        <item xmlns:media="http://search.yahoo.com/mrss/" xmlns:content="http://purl.org/rss/1.0/modules/content/">
            <title><![CDATA[Buy 1972 Cannonball Winner “Yogi” Behr’s Jacket]]></title>
            <link>http://www.caranddriver.com/news/buy-1972-cannonball-winner-yogi-behrs-jacket</link>
            <description><![CDATA[<p>Rad Vintage Cannonball Winner’s Jacket on eBay</p>]]></description>
            <pubDate>Fri, 06 Apr 2018 11:29:00 +0000</pubDate>
            <guid isPermaLink="true">http://www.caranddriver.com/news/buy-1972-cannonball-winner-yogi-behrs-jacket</guid>
            <author><![CDATA[Davey G. Johnson]]></author>
            <category>Automotive,News</category>
            <source url="http://www.caranddriver.com/news/buy-1972-cannonball-winner-yogi-behrs-jacket">Buy 1972 Cannonball Winner “Yogi” Behr’s Jacket</source>
            <media:content url="https://hips.hearstapps.com/amv-prod-cad-assets.s3.amazonaws.com/wp-content/uploads/2018/04/Yogi-Behrs-Cannonball-Jacket-103-626x383.jpg?fill=2%3A1%3Bauto%2Cauto" type="image/jpeg">
                <media:title type="html"><![CDATA[Buy 1972 Cannonball Winner “Yogi” Behr’s Jacket]]></media:title>
                <media:description type="html"><![CDATA[Steve “Yogi” Behr raced in every Cannonball race, and he won in 1972. Read more at Car and Driver.]]></media:description>
                <media:thumbnail url="https://hips.hearstapps.com/amv-prod-cad-assets.s3.amazonaws.com/wp-content/uploads/2018/04/Yogi-Behrs-Cannonball-Jacket-103-626x383.jpg?fill=2%3A1%3Bauto%2Cauto&amp;resize=200%3A%2A"/>
            </media:content>
            <content:encoded><![CDATA[<p>In 1971, Steve “Yogi” Behr, John Buffum, and Erwin Kremer raced a Porsche 914/6 GT at the 24 Hours of Daytona, finishing second in class and eighth overall. In 1972, however, Behr’s most notable automotive achievement was winning the Cannonball Sea-to-Shining-Sea Memorial Trophy Dash (Brock Yates had dropped “Baker” from the name in ’72 so as not to incur the potential legal wrath of Erwin G. “Cannon Ball” Baker, the man whose early exploits partially inspired the race).<br></p><p>Yates had won the first one by default, claiming victory simply because nobody else was yet competing. But by later in 1971, a motley collection of driving enthusiasts were <a href="https://www.caranddriver.com/features/the-cannonball-baker-sea-to-shining-sea-memorial-trophy-dash-archived-feature-some-kind-of-milestone-in-modern-automotive-annals-page-3">champing at the bit to go again</a> together. Yates famously cadged a Ferrari Daytona from Kirk F. White and talked Dan Gurney into coming along. Yates won again. By the time of the 1972 running, White had unloaded the Daytona, and, in need of a new steed, Yates talked Chrysler PR man Moon Mullins into setting him up with a 340-powered Challenger, which was summarily gone over by Cotton Owens, then building NASCAR stockers for David Pearson.</p><img alt="Yogi-Behrs-Cannonball-Jacket-102-1-626x383" caption="Yogi-Behrs-Cannonball-Jacket-102-1-626x383" credit="" height="383" src="https://hips.hearstapps.com/amv-prod-cad-assets.s3.amazonaws.com/wp-content/uploads/2018/04/Yogi-Behrs-Cannonball-Jacket-102-1-626x383.jpg" title="Yogi-Behrs-Cannonball-Jacket-102-1-626x383" width="626"><p>Enter Yogi Behr, who teamed up with a couple of young guys named Bill Canfield and Fred Olds. The trio had come up with the plan to solicit a “driveaway,” which meant they were to pick up a brand-new ’73 Cadillac Coupe DeVille on the East Coast and deliver it to the owner in Los Angeles. Yates, and his co-drivers, Bud Stanner and <em>C/D</em> editor Bob Brown, made the transcontinental ramble in 37 hours and 26 minutes. Behr, Olds, and Canfield had managed the feat exactly 10 minutes more quickly.</p><p>In 1975, Yates enlisted Behr’s aid. The Challenger had been more thoroughly developed by Ron Nash for the penultimate running of the race. The pair lost half an hour hiding from the cops behind a gas station after they overheard a trucker broadcasting their description over the CB. Had that unfortunate near run-in with law enforcement not cost them the time, they would’ve been good for second place behind the winning 1973 Ferrari Dino 246GTS of Jack May and Rick Cline, which made the trip in 35 hours, 53 minutes. As it was, they finished third behind a ’73 Chevy pickup driven by stock-car racer Jack McCoy and Gary Johnson. Yates and Behr’s time? 38:03.</p><img alt="Yogi-Behrs-Cannonball-Jacket-101-1-626x383" caption="Yogi-Behrs-Cannonball-Jacket-101-1-626x383" credit="" height="383" src="https://hips.hearstapps.com/amv-prod-cad-assets.s3.amazonaws.com/wp-content/uploads/2018/04/Yogi-Behrs-Cannonball-Jacket-101-1-626x383.jpg" title="Yogi-Behrs-Cannonball-Jacket-101-1-626x383" width="626"><p>In ’79, Yogi Behr ran with Rod Dornsife in a Porsche 928. The pair finished in 42 hours and 27 minutes, nearly 10 hours behind Jaguar XJ-S­–driving winners Dave Heinz and Dave Yarborough. It was a 28<sup>th</sup>-place finish, the worst of Behr’s Cannonball career (he’d finished sixth in 1971). It was also the end of the Cannonball as an actual competition, but that running-including the Needham/Yates TransCon MediVac ambulance-served as fodder for the madcap <a href="https://www.caranddriver.com/features/what-id-do-differently-burt-reynolds-interview">Burt Reynolds</a> and Dom DeLuise film that followed.</p><ul><li><a href="https://www.caranddriver.com/news/high-speed-road-trip-anyone-cannonball-run-ambulance-clone-for-sale-on-ebay">High-Speed Road Trip, Anyone? Cannonball Run Ambulance Clone For Sale on eBay</a></li><li><a href="https://www.caranddriver.com/news/we-remember-brock-yates-1933-2016">We Remember: Brock Yates 1933–2016</a></li><li><a href="https://www.caranddriver.com/news/they-were-there-cannonball-run-racers-outlaw-tales-and-a-new-movie">They Were There: Cannonball Run Racers’ Outlaw Tales (and a New Movie!)</a></li></ul><p>Yates, of course, <a href="https://www.caranddriver.com/features/brock-yates-a-retrospective-feature">passed away in 2016</a>. Hal Needham <a href="https://www.caranddriver.com/news/hal-needham-famed-stuntman-and-cannonball-run-director-dies-at-82">died in 2013</a>. Both men made it to 82 years old. Stephen Behr only made it to 74. He died from pancreatic cancer the same year as Needham. But if there’s a Cannonballer not named Gurney, Yates, or Needham whose jacket you want to own, it’s Yogi Behr’s. Handily, his jacket from the 1972 race is <a href="https://www.ebay.com/itm/Original-1972-Cannonball-Run-Sea-To-Shinning-Sea-Memorial-Jacket-Winning-Driver/123049468639?hash=item1ca651e2df:g:SQIAAOSwOy1asb-t">for sale on eBay</a>. Currently at $760, the ask might be a bit steep for casual fans of a transcontinental blitz that last happened 39 years ago, but, hey, what price glory? And besides, try driving a 500-cubic-inch V-8–powered ’70s Cad across the country today. We guarantee you’ll spend more than $760 on gas alone.</p>]]></content:encoded>
        </item>
        <item xmlns:media="http://search.yahoo.com/mrss/" xmlns:content="http://purl.org/rss/1.0/modules/content/">
            <title><![CDATA[Porsche R&D’s Former Chief Wolfgang Hatz Arrested in Connection with Diesel-Emissions Scandal]]></title>
            <link>http://www.caranddriver.com/news/porsche-rds-former-chief-wolfgang-hatz-arrested-in-connection-with-diesel-emissions-scandal</link>
            <description><![CDATA[<p>Arrest is a strong signal that the fallout from the cheating scandal is far from over.</p>]]></description>
            <pubDate>Fri, 29 Sep 2017 17:14:00 +0000</pubDate>
            <guid isPermaLink="true">http://www.caranddriver.com/news/porsche-rds-former-chief-wolfgang-hatz-arrested-in-connection-with-diesel-emissions-scandal</guid>
            <author><![CDATA[Jens Meiners]]></author>
            <category>Automotive,News</category>
            <source url="http://www.caranddriver.com/news/porsche-rds-former-chief-wolfgang-hatz-arrested-in-connection-with-diesel-emissions-scandal">Porsche R&amp;amp;D’s Former Chief Wolfgang Hatz Arrested in Connection with Diesel-Emissions Scandal</source>
            <media:content url="https://hips.hearstapps.com/amv-prod-cad-assets.s3.amazonaws.com/wp-content/uploads/2017/09/Wolfgang-Hatz-626x382.jpg?fill=2%3A1%3Bauto%2Cauto" type="image/jpeg">
                <media:title type="html"><![CDATA[Porsche R&D’s Former Chief Wolfgang Hatz Arrested]]></media:title>
                <media:description type="html"><![CDATA[Since the VW Group diesel-emissions cheating scandal first broke in the U.S., its effects have been felt worldwide-including by company executives in Germany. Read more at Car and Driver. ]]></media:description>
                <media:thumbnail url="https://hips.hearstapps.com/amv-prod-cad-assets.s3.amazonaws.com/wp-content/uploads/2017/09/Wolfgang-Hatz-626x382.jpg?fill=2%3A1%3Bauto%2Cauto&amp;resize=200%3A%2A"/>
                <media:copyright>Car and Driver</media:copyright>
            </media:content>
            <content:encoded><![CDATA[<img alt="Wolfgang-Hatz-626x382" caption="Wolfgang-Hatz-626x382" credit="" height="382" src="https://hips.hearstapps.com/amv-prod-cad-assets.s3.amazonaws.com/wp-content/uploads/2017/09/Wolfgang-Hatz-626x382.jpg" title="Wolfgang-Hatz-626x382" width="626"><p>The <a href="https://www.caranddriver.com/news/everything-you-need-to-know-about-the-vw-diesel-emissions-scandal/">Volkswagen diesel scandal</a> first broke in the United States, but it has since occupied an ever-widening global circle. Two days ago, one of the Volkswagen Group’s most prominent research and development experts, Wolfgang Hatz, was arrested-not in America, but in Munich. That’s what several independent sources are reporting, following the lead of the German newspaper <em>Süddeutsche Zeitung</em>.</p><p>The prosecutors want to find out what Hatz knew about the “cheating devices” that enabled VW Group diesel engines to pass emissions tests in the lab while reverting to a dirtier, more polluting state of tune in the real world. Hatz, by the way, <a href="https://www.caranddriver.com/news/hatz-off-suspended-porsche-rd-boss-quits">resigned from Porsche last year</a> after being suspended in the wake of the diesel scandal.</p><p>The move signals that the diesel scandal is far from over, despite the unprecedented financial toll-approaching $30 billion-that the VW Group is footing. Quite the opposite: It appears that European courts and lawmakers are embarking on a piggyback investigatory ride, following their North American role model.</p><p>Hatz’s arrest reveals that Volkswagen’s political capital seems to have run out, despite its being partly owned by the German state of Lower Saxony. Leading up to the September 24 national election in Germany, various high-ranking politicians have said German customers deserve the same kind of financial compensation that VW’s U.S. diesel customers have received, even though emissions standards and technologies are different on the two continents and even though, in independent emissions tests, many non-German cars have fared far worse than VW Group models.</p><ul><li><a href="https://www.caranddriver.com/news/dozens-of-volkswagen-tdis-missing-from-michigan-storage-lot-resold-out-of-state/">Dozens of Volkswagen TDIs Missing from Michigan Storage Lot, Resold out of State</a></li><li><a href="http://www.caranddriver.com/features/the-fix-is-in-we-test-both-fixed-and-cheater-vw-tdi-diesels-feature">The Fix Is In: We Test the Software Update for Cheaty VW TDI Diesels</a></li><li><a href="https://www.caranddriver.com/news/everything-you-need-to-know-about-the-vw-diesel-emissions-scandal/">Everything You Need to Know about the VW Diesel-Emissions Scandal</a></li></ul><p>Among VW’s executives, Wolfgang Hatz is perhaps the most quintessential car guy, and he has an affinity for racing. At BMW and Audi, he spearheaded development of high-revving performance engines. So the brands lose a champion on that front, while other high-ranking VW Group executives with suspected ties to the diesel scandal likely won’t be sleeping well for the foreseeable future.</p>]]></content:encoded>
        </item>
    <item xmlns:media="http://search.yahoo.com/mrss/" xmlns:content="http://purl.org/rss/1.0/modules/content/"><title><![CDATA[Dodge Created an Insane Challenger Hellcat Sleigh for Santa]]></title><link>http://www.caranddriver.com/news/dodge-hellcat-santa-sleigh</link><description><![CDATA[<p>This takes "Bad Santa" to a new level.</p>]]></description><pubDate>Wed, 05 Dec 2018 16:20:00 +0000</pubDate><guid isPermaLink="true">http://www.caranddriver.com/news/dodge-hellcat-santa-sleigh</guid><author><![CDATA[Joey Capparella]]></author><category>News,Automotive</category><source url="http://www.caranddriver.com/news/dodge-hellcat-santa-sleigh">Dodge Created an Insane Challenger Hellcat Sleigh for Santa</source><media:content url="https://hips.hearstapps.com/hmg-prod/images/dodge-challenger-hellcat-santa-sleigh-1541435974.jpg?crop=1.00xw%3A0.822xh%3B0%2C0.0840xh&amp;resize=1200%3A%2A" type="image/jpeg"><media:title type="html"><![CDATA[Dodge Created an Insane Challenger Hellcat Sleigh for Santa]]></media:title><media:description type="html"><![CDATA[To kick off the holiday season, Dodge built a Santa sleigh based on a Challenger Hellcat Redeye.]]></media:description><media:thumbnail url="https://hips.hearstapps.com/hmg-prod/images/dodge-challenger-hellcat-santa-sleigh-1541435974.jpg?crop=1.00xw%3A0.822xh%3B0%2C0.0840xh&amp;resize=200%3A%2A"/><media:copyright>Car and Driver</media:copyright></media:content><content:encoded><![CDATA[<p><em><strong>UPDATE 12/5/18:</strong> Dodge has released a series of videos showing more of Santa and his Hellcat sleigh. We also got more photos of this wild creation on display at the Los Angeles auto show.</em></p><p>Dodge has its own special way of getting into the holiday spirit-and, you guessed it, it does indeed involve the Hellcat. Premiering in one of the automaker's new holiday sales ads is this wild Santa sleigh that's based on <a href="http://caranddriver.com/dodge/challenger-srt-srt-hellcat" target="_blank">a Dodge Challenger Hellcat Redeye</a>, that 797-hp supercharged muscle car that's already plenty ridiculous on its own.</p><p>From what we can see, the sleigh is a chopped-up Challenger coupe with two massive metal runners replacing the four wheels. The supercharged 6.2-liter Hellcat Hemi V-8 is said to be underhood, though we can't help but wonder how the sleigh gets all that power to the ground-er, air. Four chrome exhaust pipes sprout from the front fender, the windshield is lowered, the roof is mostly removed for an open-air feel, and there's a space for presents in the rear. The Hellcat logo with reindeer antlers in the front grille is a nice finishing touch.</p><p>While other automakers <a href="https://www.caranddriver.com/news/mercedes-sleigh-configurator-is-the-only-configurator-to-play-with-this-holiday-amg-helldeer" target="_blank">such as Mercedes-Benz</a> and Lexus have come up with <a href="https://www.caranddriver.com/news/lexus-finds-a-use-for-the-lf-lc-concept-as-santas-lexus-flying-luxury-cruiser" target="_blank">similar car-sleigh mashups</a> for past holiday seasons, Dodge has gone above and beyond the call of duty by actually building the Challenger sleigh for real. In addition to the ad campaign that is promoting various holiday sales programs, there is a series premiering this month on several social-media platforms. It's modeled, Dodge says, after a car restoration program to show the sleigh's various features and explain how the project came together. Dodge also hired professional wrestler Bill Goldberg to play Santa and TV personality Cristy Lee to play Mrs. Claus in the ads. And, of course, elves are involved, too. </p><p>You can see more of this wild holiday-themed creation in the video series below, and you can be sure that Dodge will release more about it through its Twitter, YouTube, Facebook, and Instagram pages throughout December.</p><iframe allowfullscreen="true" data-src="//www.youtube.com/embed/videoseries?list=PLlME_Nm6UYIUhEbygM4JOGAGpLhThnYxo&index=0" frameborder="0"></iframe><p><iframe allowfullscreen="true" data-src="//www.youtube.com/embed/bIu7xyjkJn4?start=0" frameborder="0"></iframe> </p>]]></content:encoded></item><item xmlns:media="http://search.yahoo.com/mrss/" xmlns:content="http://purl.org/rss/1.0/modules/content/"><title><![CDATA[Our 2017 Genesis G90 Soothes, Cossets, and Generally Impresses for 40,000 Miles]]></title><link>http://www.caranddriver.com/reviews/2017-genesis-g90-reliability-maintenance</link><description><![CDATA[<p>It's a compelling alternative for those more concerned with comfort than labels. </p>]]></description><pubDate>Fri, 14 Dec 2018 21:45:00 +0000</pubDate><guid isPermaLink="true">http://www.caranddriver.com/reviews/2017-genesis-g90-reliability-maintenance</guid><author><![CDATA[Andrew Wendler]]></author><category>Long-Term Road Test Wrap-Up,Automotive,Reviews,2017 Genesis G90 - Long-Term Test</category><source url="http://www.caranddriver.com/reviews/2017-genesis-g90-reliability-maintenance">Our 2017 Genesis G90 Soothes, Cossets, and Generally Impresses for 40,000 Miles</source><media:content url="https://hips.hearstapps.com/hmg-prod/images/2017-genesis-g90-102-1543439725.jpg?crop=1.00xw%3A0.822xh%3B0%2C0.115xh&amp;resize=1200%3A%2A" type="image/jpeg"><media:title type="html"><![CDATA[Our Genesis G90 Soothes, Cossets, and Impresses for 40,000 Miles]]></media:title><media:description type="html"><![CDATA[The Genesis G90 delivered plenty of luxury over our 40,000-mile test, although a few quibbles and complaints also surfaced.]]></media:description><media:thumbnail url="https://hips.hearstapps.com/hmg-prod/images/2017-genesis-g90-102-1543439725.jpg?crop=1.00xw%3A0.822xh%3B0%2C0.115xh&amp;resize=200%3A%2A"/><media:credit>Brad Fick</media:credit><media:copyright>Car and Driver</media:copyright></media:content><content:encoded><![CDATA[<p>Unlike some vehicles that only reveal their true personalities after you spending months in close contact, our 2017 <a href="https://www.caranddriver.com/genesis/g90" target="_blank">Genesis G90 sedan</a> was much the same car at the end of its stay as it was at the beginning. For that reason, its logbook grew quiet as it neared the 40K-mile mark. But that's not to say it wasn't called upon frequently. In fact, after returning from <a href="https://www.caranddriver.com/reviews/genesis-g90-reliability-long-term-road-trip-update" target="_blank">its five-month, 10,000-mile-plus western odyssey in the care of Montana-desk editor John Phillips</a>, the G90 immediately resumed its place as the vehicle of choice for lunch, photo, and limousine duty right up to its final days in our hands. </p><h3 class="body-h3"><strong>Dealership Service Costs</strong></h3><p>One issue that played out over the G90's tenure was a debate with various Genesis dealer service departments regarding the brand's three-year/36,000-mile complimentary scheduled maintenance. Although the plan clearly stipulates G90 owners are to receive free scheduled maintenance during the specified period, we paid for all but one of our scheduled services. After numerous inquiries, it was finally explained to us that the complimentary scheduled maintenance is for retail customers only. As a press-fleet vehicle, our G90 wasn't notifying the service writer that our car was part of the plan when he entered its VIN into the company's database. That makes us deadbeats of sorts, as one dealer gave us the benefit of the doubt and let us scoot away from the G90's 12,000-mile service (oil change and inspections) free of charge. The dealer's gracious handling of the situation befits an upstart brand that aspires to compete in the established luxury segment. For the purpose of transparency in this long-term review, we've included the cost of the five services we paid for, which together constitute the entire $230 service cost indicated here. Although retail buyers  can be confident that they will receive free scheduled maintenance for three years or 36,000 miles, that service cost is incredibly low, lower in fact than just our first service in our <a href="https://www.caranddriver.com/reviews/2017-porsche-718-boxster-s-long-term-test-review-2017-porsche-718-boxster-s-page-2" target="_blank">long-term Porsche 718 Boxster S</a>.  </p><p><a href="https://www.caranddriver.com/photos/g15204872/2017-genesis-g90-long-term-road-test-gallery" target="_blank"><img alt="2017 Genesis G90" caption="2017 Genesis G90" credit="Brad Fick" height="733" src="https://hips.hearstapps.com/hmg-prod/images/2017-genesis-g90-103-1543439730.jpg?resize=1200%3A%2A" title="2017-Genesis-G90-103.jpg" width="1200"></a></p><p>That ups the value quotient, and the G90's price-to-luxury ratio was a popular topic of discussion during the car's stay with us. One editor remarked, "But for the badge on the hood, lots of S-class and 7-series buyers would probably find that the G90 gives them all the luxury they seek for 40 percent less money." </p><h3 class="body-h3"><strong>Test Results</strong></h3><p>That may be true, although the G90 offers something less than the accomplished ride/handling balance that typically defines the Europeans. This car is far happier on the interstate than on a twisty two-lane road. Despite the G90's clumsy dance moves, our G90-a 365-hp, twin-turbo 3.3-liter V-6 variant with rear-wheel drive-can hustle in a straight line, and it only got better with 40,000 miles of exercise under the tutelage of <em>C/D</em> staffers. In testing just prior to its departure, the 4523-pound G90 posted a 5.0-second zero-to-60-mph time and ran the quarter-mile in 13.6 seconds, improvements of 0.2 second in both measures compared to its initial test. Braking and roadholding were also better, which is typical as the tires wear. The stop from 70 mph shrank from 182 feet to 178 feet (the soft brake pedal notwithstanding), and grip increased to 0.88 g from 0.84 g. </p><p><a href="https://www.caranddriver.com/photos/g15204872/2017-genesis-g90-long-term-road-test-gallery" target="_blank"><img alt="2017 Genesis G90" caption="2017 Genesis G90" credit="Brad Fick" height="733" src="https://hips.hearstapps.com/hmg-prod/images/2017-genesis-g90-108-1543439731.jpg?resize=1200%3A%2A" title="2017-Genesis-G90-108.jpg" width="1200"></a></p><p>Too bad the G90 was so nervous about using all that capability. Numerous drivers remarked about the early intervention of the traction and stability control, and the system's tendency to linger even when switched off. Also criticized was the overbearing nature of the driver-attention alert, which advised one driver to take a break "four times in the first 28 miles of a 360-mile trip-as if I had been bouncing off guardrails and sideswiping semis."</p><h3 class="body-h3"><strong>Maintenance Issues</strong></h3><p>The G90 was free of major problems, although there were minor irritations. We never could resolve a faint front-end shimmy that persisted throughout its stay with us, despite rebalancing the wheels at the dealership and in the <em>C/D</em> garage. It was most prominent when the Genesis was wearing the standard 19-inch 245/45 Continental ContiProContact tires; it was masked slightly when we switched to winter tires, because of their noisier, more aggressive tread pattern. </p><p><a href="https://www.caranddriver.com/photos/g15204872/2017-genesis-g90-long-term-road-test-gallery" target="_blank"><img alt="2017 Genesis G90" caption="2017 Genesis G90" credit="Brad Fick" height="733" src="https://hips.hearstapps.com/hmg-prod/images/2017-genesis-g90-99leadgallery-1543439658.jpg?resize=1200%3A%2A" title="2017-Genesis-G90-99LeadGallery.jpg" width="1200"></a></p><p>Wind noise emanating from the sunroof was repaired quickly and free of charge with a glass adjustment, and a recall to update the infotainment system was performed at the 18,000-mile service. A previously documented no-start situation was traced to a loose battery ground strap, which we fixed ourselves. We don't expect many G90 owners to perform their own maintenance-especially when the dealer will do it for free-but we did note that an oil change requires the removal of the engine belly pan and that checking the air filter requires the removal of two braces and six body pins. </p><p>Finally, we noticed a slight darkening of some of the G90's light-colored interior upholstery. Delivered in a very pale shade (evocatively called Beige), the driver's seat seemed eager to absorb the dye from blue jeans in particular (an issue that has also cropped up in <a href="https://www.caranddriver.com/reviews/2019-mercedes-benz-e-class-wagon-reliability" target="_blank">our Mercedes-Benz E450 station wagon</a>, which also has a nearly white-colored interior). We can't say whether the discoloration could be remedied with a good cleaning; we never tried more than a few spit-and-friction attempts with a fast-food napkin. However, the overall design and execution of the interior is a success, with one editor asserting, "this is the interior the Cadillac CT6 should have had." We also like the rows of analog buttons in addition to the infotainment controls.  </p><p><a href="https://www.caranddriver.com/photos/g15204872/2017-genesis-g90-long-term-road-test-gallery" target="_blank"><img alt="2017 Genesis G90" caption="2017 Genesis G90" credit="Brad Fick" height="733" src="https://hips.hearstapps.com/hmg-prod/images/2017-genesis-g90-112-1543439730.jpg?resize=1200%3A%2A" title="2017-Genesis-G90-112.jpg" width="1200"></a></p><p>The G90 represents a credible effort from Hyundai's upstart luxury brand, a successful and worthy competitor for the luxury segment that never failed to fulfill its duty as our office's go-to luxury transport. And, despite our deserved reputation for heavy right feet, it did so averaging 23 mpg, just 1 mpg lower than its EPA highway rating. The brand's intentions have recently been bolstered with the arrival of <a href="https://www.caranddriver.com/genesis/g70" target="_blank">the 10Best-winning G70 sports sedan</a>, a model good enough to disrupt its segment even more than the G90 has done in the full-size luxury ranks. And the G90 itself is being polished with <a href="https://www.caranddriver.com/news/a25322459/2020-genesis-g90-photos-info/" target="_blank">a newly styled 2020 model</a>. The real question is how long it will take for the Genesis brand to command the same level of respect and prestige among the buying public as the traditional luxury brands receive. If the current product charge is any indicator, it might not be long. </p>]]></content:encoded></item><item xmlns:media="http://search.yahoo.com/mrss/" xmlns:content="http://purl.org/rss/1.0/modules/content/"><title><![CDATA[Ferrari 308GTSi Formerly Owned by Miles Davis Goes up for Sale]]></title><link>http://www.caranddriver.com/news/a23320105/ferrari-308-gtsi-miles-davis-auction/</link><description><![CDATA[<p>Mercurial jazz musician Miles Davis owned several exotic cars. Now his Fly Yellow 1980 Ferrari 308GTSi seeks a new owner.</p>]]></description><pubDate>Thu, 20 Sep 2018 14:15:00 +0000</pubDate><guid isPermaLink="true">http://www.caranddriver.com/news/a23320105/ferrari-308-gtsi-miles-davis-auction/</guid><author><![CDATA[Andrew Wendler]]></author><category>Automotive,News</category><source url="http://www.caranddriver.com/news/a23320105/ferrari-308-gtsi-miles-davis-auction/">Ferrari 308GTSi Formerly Owned by Miles Davis Goes up for Sale</source><media:content url="https://hips.hearstapps.com/hmg-prod/images/fly-yellow-ferrari-308-gtsi-1537373759.jpg?crop=1xw%3A0.8184143222506394xh%3Bcenter%2Ctop&amp;resize=1200%3A%2A" type="image/jpeg"><media:title type="html"><![CDATA[Fly Yellow, Not Kind of Blue: Ex-Miles Davis Ferrari 308GTSi Is up for Sale]]></media:title><media:description type="html"><![CDATA[Mercurial jazz musician Miles Davis once owned several exotic cars. Now his Fly Yellow 1980 Ferrari 308GTSi seeks a new owner. ]]></media:description><media:thumbnail url="https://hips.hearstapps.com/hmg-prod/images/fly-yellow-ferrari-308-gtsi-1537373759.jpg?crop=1xw%3A0.8184143222506394xh%3Bcenter%2Ctop&amp;resize=200%3A%2A"/><media:credit>Beverly Hills Car Club/Ebay </media:credit><media:copyright>Car and Driver</media:copyright></media:content><content:encoded><![CDATA[<p>Looking for a sad example of our nation's utter lack of cultural awareness?  Look no further than <a href="https://www.ebay.com/itm/223151859988" target="_blank">this advertisement for a 1980 Ferrari 308GTSi formerly owned by Miles Davis</a>. The seller-the Beverly Hills Car Club, via eBay and other means-is in the know about Davis and his legacy; the club is even donating a portion of the sale proceeds to the Grammy Museum and Foundation. But seeing the tags "Celebrity Owned" and "Jazz Musician" on the listing is a not so subtle reminder that some potential buyers might not recognize the name and life's work of one of America's greatest artists.<br></p><p>Nicknamed the Prince of Darkness for his famously mercurial personality, Davis had a penchant for Italian sports cars capable of equally volatile behavior, owning a <a href="https://www.caranddriver.com/ferrari" target="_blank">Ferrari </a>275GTB/4, a Ferrari Testarossa, and a Lamborghini Miura S in addition to this 1980 Ferrari 308GTSi. Unlike the Miura and the Testarossa, both intrinsically linked to Davis exploits that are now the stuff of legend, his 308GTSi seems to have led a comparatively quiet life. </p><p><a href="https://www.caranddriver.com/photos/g23339673/ferrari-308-gtsi-miles-davis-auction-gallery" target="_blank"><img alt="MIles davis Ferrari 330 gtsi" caption="MIles davis Ferrari 330 gtsi" credit="Beverly Hills Car Club/Ebay " height="733" src="https://hips.hearstapps.com/hmg-prod/images/308gtsi-1537373911.jpg?resize=1200%3A%2A" title="308gtsi.jpg" width="1200"></a></p><p>Essentially a fuel-injected version of the 308GTB that debuted at the 1975 Paris auto show (the targa-topped GTS variant followed in 1977), the <a href="https://www.caranddriver.com/reviews/king-of-the-hill-page-6" target="_blank">308GTSi</a> remained in production for two years before being replaced by the <a href="https://www.caranddriver.com/archives/ferrari-308-quattrovalvole-page-5" target="_blank">308 Quattrovalvole</a> in 1982. Finished in Fly Yellow with a brown interior, the Davis car sports a five-speed manual transmission operating through the traditional gated shifter and, according to the seller, includes the spare tire, jack, and desirable tool kit that were included when new. </p><p>Although the car's model year, 1980, coincides with Davis's return to performing and recording after a five-year sabbatical, just when exactly he took delivery of the car is a little murky-that is, the scans of some of the transfer documents posted with the eBay listing are literally too blurry to read. That said, a semi-legible document carries the handwritten note "Davis to WW," indicating that he sold it to Wide World of Cars in Spring Valley, New York, on October 1, 1987. Its history since then is not divulged. Whether Davis bought it new or slightly used, it certainly doesn't appear to have lived a life of duress. It has accrued a remarkably low claimed 9589 miles (the obligatory odometer photo accompanies the ad). Curiously, that transfer document indicates 13,220 miles at the time of the 1987 title transfer-perhaps the seller just moved the digits one box to the left? Davis suffered numerous health and substance-abuse problems in this era, so it's not entirely out of the question that he may have driven the car only 1322 miles. </p><p><a href="https://www.caranddriver.com/photos/g23339673/ferrari-308-gtsi-miles-davis-auction-gallery" target="_blank"><img alt="Miles-davis-ferrari-tite-transfer" caption="Miles-davis-ferrari-tite-transfer" credit="" height="733" src="https://hips.hearstapps.com/hmg-prod/images/miles-davis-ferrari-transfer-1537374189.jpg?resize=1200%3A%2A" title="Miles-davis-ferrari-transfer.jpg" width="1200"></a></p><p>The eBay auction, which started on September 18, is scheduled to conclude on September 28, the anniversary of Davis's death in 1991. The online valuation tool managed by our pals at Hagerty Insurance says that a 1980 Ferrari 308GTSi in concours-ready condition is worth $70,000, but we wouldn't want to hazard a guess at how much more someone might pay for one with a celebrity provenance. Even if they have to be told that Miles Davis was a jazz musician. </p>]]></content:encoded></item><item xmlns:media="http://search.yahoo.com/mrss/" xmlns:content="http://purl.org/rss/1.0/modules/content/"><title><![CDATA[Detroit-Built Mahindra Roxor Off-Road Vehicle Revealed: Is This the Mini Jeep We Need?]]></title><link>http://www.caranddriver.com/news/a19057345/detroit-built-mahindra-roxor-off-road-vehicle-revealed-is-this-the-mini-jeep-we-need/</link><description><![CDATA[<p>Detroit-Built Mahindra Roxor Off-Road Vehicle Revealed</p>]]></description><pubDate>Fri, 02 Mar 2018 15:44:00 +0000</pubDate><guid isPermaLink="true">http://www.caranddriver.com/news/a19057345/detroit-built-mahindra-roxor-off-road-vehicle-revealed-is-this-the-mini-jeep-we-need/</guid><author><![CDATA[Andrew Wendler]]></author><category>News,Automotive</category><source url="http://www.caranddriver.com/news/a19057345/detroit-built-mahindra-roxor-off-road-vehicle-revealed-is-this-the-mini-jeep-we-need/">Detroit-Built Mahindra Roxor Off-Road Vehicle Revealed: Is This the Mini Jeep We Need?</source><media:content url="https://hips.hearstapps.com/amv-prod-cad-assets.s3.amazonaws.com/wp-content/uploads/2018/03/Mahindra-Roxor-101.jpg?fill=2%3A1%3Bauto%2Cauto&amp;resize=1200%3A%2A" type="image/jpeg"><media:title type="html"><![CDATA[Detroit-Built Mahindra Roxor Off-Road Vehicle Revealed]]></media:title><media:description type="html"><![CDATA[The Mahindra Roxor utility vehicle is the mini Jeep you've been waiting for. See the pictures and read the info and Car and Driver. ]]></media:description><media:thumbnail url="https://hips.hearstapps.com/amv-prod-cad-assets.s3.amazonaws.com/wp-content/uploads/2018/03/Mahindra-Roxor-101.jpg?fill=2%3A1%3Bauto%2Cauto&amp;resize=200%3A%2A"/></media:content><content:encoded><![CDATA[<p><a href="https://www.caranddriver.com/photos/g19062492/detroit-built-mahindra-roxor-off-road-vehicle-revealed-is-this-the-mini-jeep-we-need-gallery"><img alt="ROXOR-front-2-626x382" caption="ROXOR-front-2-626x382" credit="" height="382" src="https://hips.hearstapps.com/amv-prod-cad-assets.s3.amazonaws.com/wp-content/uploads/2018/03/ROXOR-front-2-626x382.jpg" title="ROXOR-front-2-626x382" width="626"></a></p><p>While side-by-side vehicles continue to reshape the ATV landscape, segment newcomer Mahindra is making a play for buyers seeking a more traditional all-purpose utility vehicle. In other words, check out this sweet mini Jeep. </p><p><a href="https://www.caranddriver.com/photos/g19062492/detroit-built-mahindra-roxor-off-road-vehicle-revealed-is-this-the-mini-jeep-we-need-gallery"><img alt="Mahindra_Roxor_2_Group_Shot-1-626x382" caption="Mahindra_Roxor_2_Group_Shot-1-626x382" credit="" height="382" src="https://hips.hearstapps.com/amv-prod-cad-assets.s3.amazonaws.com/wp-content/uploads/2018/03/Mahindra_Roxor_2_Group_Shot-1-626x382.jpg" title="Mahindra_Roxor_2_Group_Shot-1-626x382" width="626"></a></p><p>Okay, we’re being a bit facetious, but in this hemisphere, the sight of an open-top steel body with an upright grille and flattop fenders on a boxed ladder frame with four-by-four capability makes Jeep comparisons inevitable. Considering that the Indian automaker got its start by importing and later building Willys Jeeps under license after World War II, the similarities should come as little surprise. Car dorks of the sort that populate the <em>C/D </em>offices will be quick to point out that the Roxor resembles the megarare <a href="https://www.caranddriver.com/photos/g18000687/sette-preferiti-7-fascinating-carsincluding-an-alfa-jeepfrom-the-2014-concorso-italiano-gallery">Alfa Romeo 1900M Matta 4×4</a>; those with truly arcane tastes will name-check the Crosley Farm-O-Road. By the looks of the dimensions below, the Roxor’s 148-inch length–including the spare tire–puts it in league with the approximately 139-inch long Jeep CJ7. Mahindra said the base curb weight is 3035 pounds.</p><p><a href="https://www.caranddriver.com/photos/g19062492/detroit-built-mahindra-roxor-off-road-vehicle-revealed-is-this-the-mini-jeep-we-need-gallery"><img alt="Mahindra-Roxor-Dimensions-1-626x382" caption="Mahindra-Roxor-Dimensions-1-626x382" credit="" height="382" src="https://hips.hearstapps.com/amv-prod-cad-assets.s3.amazonaws.com/wp-content/uploads/2018/03/Mahindra-Roxor-Dimensions-1-626x382.png" title="Mahindra-Roxor-Dimensions-1-626x382" width="626"></a></p><p>Similarly, the Roxor’s powertrain is about as conventional as they come; forgoing the CVT and belt-drive setup favored by many ATVs, the Roxor uses a heavy-duty Mahindra turbo-diesel 2.5-liter four-cylinder engine producing 62 horsepower and 144 lb-ft of torque. A five-speed manual transmission routes torque to a Dana T18 two-speed transfer case, and 3.73 gears spin in full-floating front and rear axles suspended on leaf springs. There are 9.0-inch disc brakes in the front and 11.0-inch drums in the back. Ground clearance is 9.0 inches. The 16-inch wheels (steel is standard, while aluminum rims are optional) are wrapped in 235/70R-16 tires. Top speed is limited to 45 mph, Mahindra said, because “This is a suitable speed limit given how most consumers are likely to be using the vehicle.” The maker claims preliminary fuel economy results of 32 to 34 mpg and gives a maximum tow rating of 3490 pounds.</p><p><a href="https://www.caranddriver.com/photos/g19062492/detroit-built-mahindra-roxor-off-road-vehicle-revealed-is-this-the-mini-jeep-we-need-gallery"><img alt="ROXOR-ATV-1-626x382" caption="ROXOR-ATV-1-626x382" credit="" height="382" src="https://hips.hearstapps.com/amv-prod-cad-assets.s3.amazonaws.com/wp-content/uploads/2018/03/ROXOR-ATV-1-626x382.jpg" title="ROXOR-ATV-1-626x382" width="626"></a></p><p>Mahindra managing director Pawan Goenka said the Roxor remains true to the company’s legacy of “authentic, rugged, purpose-driven vehicles” and that it will be built with durability in mind. The maker hasn’t yet revealed any pricing information, but does note that the Roxor is classified as an off-highway vehicle.  How that will play into legalities regarding licensing, insurance and on-road use, as with golf carts and ATVs, will be determined mostly by local rules and regulations.</p><ul><li><a href="https://www.caranddriver.com/reviews/argo-lx-8x8-first-drive-review">Argo LX 8×8: A Triple-Diff Amphibian</a></li><li><a href="https://www.caranddriver.com/news/a15074413/2018-jeep-wrangler-jl-finally-unveiled-all-the-details-all-the-photos-news">2018 Jeep Wrangler: An All-New Version of an Icon!</a></li><li><a href="https://www.caranddriver.com/news/a15367134/golf-carts-gone-wild-checking-in-on-our-favorite-dirty-diversion-side-by-side-utvs">Golf Carts Gone Wild: Our Favorite Dirty Diversion, Side-by-Side UTVs</a></li></ul><p>Conceived, designed, engineered and produced in Metro Detroit, the Roxor is the maker’s first foray into the consumer ATV market. Previously in the news for its <a href="https://www.caranddriver.com/news/a15349878/mahindras-pininfarina-purchase-wont-change-ferrari-relationship">purchase of storied design house Pininfarina</a> and its <a href="https://www.caranddriver.com/news/a15338871/the-post-office-is-getting-a-new-truck-and-heres-one-of-the-prototypes">U.S. Postal Service vehicle prototype</a>, Mahindra Automotive North America will build the Roxor at its recently opened 400,000-square-foot manufacturing center in suburban Detroit’s Auburn Hills. Mahindra is still in the process of signing up dealers, claiming it is nearing the 300 mark as of March 2, 2018. We’ve already began pestering Mahindra for a test vehicle to get an idea of just how much abuse this little Jeeplet can take.</p><p><a href="https://www.caranddriver.com/photos/g19062492/detroit-built-mahindra-roxor-off-road-vehicle-revealed-is-this-the-mini-jeep-we-need-gallery"><img alt="Mahindra-Roxor-REEL" caption="Mahindra-Roxor-REEL" credit="" height="170" src="https://hips.hearstapps.com/amv-prod-cad-assets.s3.amazonaws.com/wp-content/uploads/2018/03/Mahindra-Roxor-REEL.jpg" title="Mahindra-Roxor-REEL" width="626"></a></p>]]></content:encoded></item></Cars>

    <Programmer>
        
    <item xmlns:dc="http://purl.org/dc/elements/1.1/" xmlns:content="http://purl.org/rss/1.0/modules/content/" xmlns:wfw="http://wellformedweb.org/CommentAPI/" xmlns:slash="http://purl.org/rss/1.0/modules/slash/">
		<title>2Captcha – Human-Powered Image and CAPTCHA Recognition Service</title>
		<link>https://www.thecrazyprogrammer.com/2018/12/2captcha.html</link>
		<comments>https://www.thecrazyprogrammer.com/2018/12/2captcha.html#respond</comments>
		<pubDate>Mon, 03 Dec 2018 15:12:17 +0000</pubDate>
		<dc:creator><![CDATA[Neeraj Mishra]]></dc:creator>
				<category><![CDATA[Review]]></category>

		<guid isPermaLink="false">https://www.thecrazyprogrammer.com/?p=9169</guid>
		<description><![CDATA[<p>With due technical advancement and increasing demand of software for various tasks (of our individual, personal as well as commercial needs), the authenticity of using these software has become as crucial as they themselves are. Captchas are one of the most commonly used methods for maintaining the authenticity of these software platforms.  Often, we face… <span class="read-more"><a href="https://www.thecrazyprogrammer.com/2018/12/2captcha.html">Read More &#187;</a></span></p>
<p>The post <a rel="nofollow" href="https://www.thecrazyprogrammer.com/2018/12/2captcha.html">2Captcha &#8211; Human-Powered Image and CAPTCHA Recognition Service</a> appeared first on <a rel="nofollow" href="https://www.thecrazyprogrammer.com">The Crazy Programmer</a>.</p>
]]></description>
				<content:encoded><![CDATA[<p>With due technical advancement and increasing demand of software for various tasks (of our individual, personal as well as commercial needs), the authenticity of using these software has become as crucial as they themselves are. Captchas are one of the most commonly used methods for maintaining the authenticity of these software platforms.  Often, we face problems while solving these captchas because of the time they take specially if we need to work on them on a large scale, they can take away most of our precious work time.</p>
<h2>About 2Captcha</h2>
<p><img class="aligncenter size-full wp-image-9170" src="https://www.thecrazyprogrammer.com/wp-content/uploads/2018/12/2Captcha.jpg" alt="2Captcha" width="500" height="170" srcset="https://www.thecrazyprogrammer.com/wp-content/uploads/2018/12/2Captcha.jpg 500w, https://www.thecrazyprogrammer.com/wp-content/uploads/2018/12/2Captcha-300x102.jpg 300w" sizes="(max-width: 500px) 100vw, 500px" /></p>
<p><a href="https://2captcha.com/" target="_blank" rel="noopener">2Captcha.com</a> is a platform wherein we can get the accurate solutions of our captcha without bothering about the time problems. The prolific platform can recognize both text and graphical captchas, has a simple API, comes with a universal support for all softwares and most importantly, saves a lot of time of the users. The users just have to upload their captchas on 2captcha.com/in.php.</p>
<p>When the Captcha gets uploaded, the server stores the captcha for further processing and immediately provides you with an ID for your request. The server then altos your captcha to a worker for solving it and thereafter sends the solution back to you. As a cherry on the cake, it also provides you with quite reasonable rates ($0.0005 per captcha).</p>
<p>2Captcha.com also entertains the workers and gives them an easy environment for working. All they have to do is register them with 2Captcha.com and thereafter they can get along with the site just by clicking on “start work”. Before the workers may start working, they also train them for 5-10 minutes. Just by having a computer, keyboard and an internet connection, the workers can easily get along with them.</p>
<p>Conclusively, the 2Captcha.com provides for a 24*7 running, and accurate service which is a time saving blessing for its customers.</p>
<p>The post <a rel="nofollow" href="https://www.thecrazyprogrammer.com/2018/12/2captcha.html">2Captcha &#8211; Human-Powered Image and CAPTCHA Recognition Service</a> appeared first on <a rel="nofollow" href="https://www.thecrazyprogrammer.com">The Crazy Programmer</a>.</p>
]]></content:encoded>
			<wfw:commentRss>https://www.thecrazyprogrammer.com/2018/12/2captcha.html/feed</wfw:commentRss>
		<slash:comments>0</slash:comments>
		</item><item xmlns:dc="http://purl.org/dc/elements/1.1/" xmlns:content="http://purl.org/rss/1.0/modules/content/" xmlns:wfw="http://wellformedweb.org/CommentAPI/" xmlns:slash="http://purl.org/rss/1.0/modules/slash/">
		<title>Working with Virtual Environment for Django Project</title>
		<link>https://www.thecrazyprogrammer.com/2018/11/working-with-virtual-environment-for-django-project.html</link>
		<comments>https://www.thecrazyprogrammer.com/2018/11/working-with-virtual-environment-for-django-project.html#respond</comments>
		<pubDate>Sun, 25 Nov 2018 18:06:27 +0000</pubDate>
		<dc:creator><![CDATA[Neeraj Mishra]]></dc:creator>
				<category><![CDATA[Django]]></category>

		<guid isPermaLink="false">https://www.thecrazyprogrammer.com/?p=9144</guid>
		<description><![CDATA[<p>In this tutorial we’ll talk about virtual environment for django project. Here we’ll discuss about: 1. What is virtual environment and why to use it? 2. How to install virtual environment for django project? 3. How to use virtual environment in django project? So let’s start with our very first question. What is Virtual Environment… <span class="read-more"><a href="https://www.thecrazyprogrammer.com/2018/11/working-with-virtual-environment-for-django-project.html">Read More &#187;</a></span></p>
<p>The post <a rel="nofollow" href="https://www.thecrazyprogrammer.com/2018/11/working-with-virtual-environment-for-django-project.html">Working with Virtual Environment for Django Project</a> appeared first on <a rel="nofollow" href="https://www.thecrazyprogrammer.com">The Crazy Programmer</a>.</p>
]]></description>
				<content:encoded><![CDATA[<p>In this tutorial we’ll talk about virtual environment for django project.</p>
<p>Here we’ll discuss about:</p>
<p>1. What is virtual environment and why to use it?<br />
2. How to install virtual environment for django project?<br />
3. How to use virtual environment in django project?</p>
<p>So let’s start with our very first question.</p>
<h3>What is Virtual Environment and Why to Use it ?</h3>
<p>Let’s say you have worked in django extensively. So for sure, you may have created some projects with some previous versions of django. Now you want to install latest version of django in your computer. So the first problem you’ll encounter with is that your new version of django is not compatible with the projects you’ve created in previous version of django. For example – current version of django (django 2.1) requires Python 3.4 or above in your system. So if you were using Python 2 and a lower version of django, then there will be some problems right?</p>
<p>Here the term virtual environment comes into picture. Using virtual environment, you can make a different environment for each project that you’re working on. Let’s say you have a project and you want to work with python 3 and django 2.1. On other hand you’ve another project where you want to work with Python 3 and django 1.11.</p>
<p>So in that case, we’ll create two virtual environments for both of the projects and install python 2 and django 1.11 in one virtual environment and python 3 and django 2.1 in another. Isn’t it awesome?</p>
<h3>How to Install Virtual Environment for Django Project?</h3>
<p>To install virtual environment we’ll use pip here. Firstly open your command prompt/terminal and type the command below:</p>
<p><strong><em>pip install virtualenv</em></strong></p>
<p><img class="aligncenter size-full wp-image-9145" src="https://www.thecrazyprogrammer.com/wp-content/uploads/2018/11/django-virtual-environment-1.png" alt="django virtual environment 1" width="841" height="486" srcset="https://www.thecrazyprogrammer.com/wp-content/uploads/2018/11/django-virtual-environment-1.png 841w, https://www.thecrazyprogrammer.com/wp-content/uploads/2018/11/django-virtual-environment-1-300x173.png 300w, https://www.thecrazyprogrammer.com/wp-content/uploads/2018/11/django-virtual-environment-1-660x381.png 660w" sizes="(max-width: 841px) 100vw, 841px" /></p>
<p><img class="aligncenter size-full wp-image-9146" src="https://www.thecrazyprogrammer.com/wp-content/uploads/2018/11/django-virtual-environment-2.png" alt="django virtual environment 2" width="841" height="483" srcset="https://www.thecrazyprogrammer.com/wp-content/uploads/2018/11/django-virtual-environment-2.png 841w, https://www.thecrazyprogrammer.com/wp-content/uploads/2018/11/django-virtual-environment-2-300x172.png 300w, https://www.thecrazyprogrammer.com/wp-content/uploads/2018/11/django-virtual-environment-2-660x379.png 660w" sizes="(max-width: 841px) 100vw, 841px" /></p>
<p>That’s all we have to do install virtual environment.</p>
<p>To see the version of the virtual environment you can use the command:</p>
<p><strong><em>virtualenv &#8211;version</em></strong></p>
<p><strong>Note:</strong> If you’re using Mac or Linux (Ubuntu), where you’ve both of the python 2 and python 3 installed in your system. You can use pip3 to install for python 3 and pip to install for python 2.</p>
<h3>How to Use Virtual Environment in Django Project?</h3>
<p>After installing virtual environment (Virtualenv), you want to work with django 2.0.1, then you have to install django 2.0.1 in your virtual environment. Let’s see how to do it.</p>
<h4>Create Virtual Environment</h4>
<p>To create virtual environment open command prompt/terminal and navigate to the directory where you want to create your django project. Let’s say we want to create our project at Desktop then we’ll navigate to desktop and then type the command below.</p>
<p><strong><em>virtualenv env_name</em></strong></p>
<p>Here you can name your virtual environment as you want.</p>
<p><img class="aligncenter size-full wp-image-9147" src="https://www.thecrazyprogrammer.com/wp-content/uploads/2018/11/django-virtual-environment-3.png" alt="django virtual environment 3" width="842" height="478" srcset="https://www.thecrazyprogrammer.com/wp-content/uploads/2018/11/django-virtual-environment-3.png 842w, https://www.thecrazyprogrammer.com/wp-content/uploads/2018/11/django-virtual-environment-3-300x170.png 300w, https://www.thecrazyprogrammer.com/wp-content/uploads/2018/11/django-virtual-environment-3-660x375.png 660w" sizes="(max-width: 842px) 100vw, 842px" /></p>
<p>After creating virtual environment we have to activate the virtual environment.</p>
<h4>Activate Virtual Environment</h4>
<p>To activate virtual environment you’ve to run the batch file created inside the \env_name\Scripts\activate. So here our virtual environment’s name is my_env, so we’ll type the command below.</p>
<p><strong><em>my_env\Scripts\activate</em></strong></p>
<p><img class="aligncenter size-full wp-image-9148" src="https://www.thecrazyprogrammer.com/wp-content/uploads/2018/11/django-virtual-environment-4.png" alt="django virtual environment 4" width="843" height="400" srcset="https://www.thecrazyprogrammer.com/wp-content/uploads/2018/11/django-virtual-environment-4.png 843w, https://www.thecrazyprogrammer.com/wp-content/uploads/2018/11/django-virtual-environment-4-300x142.png 300w, https://www.thecrazyprogrammer.com/wp-content/uploads/2018/11/django-virtual-environment-4-660x313.png 660w" sizes="(max-width: 843px) 100vw, 843px" /></p>
<p>So after typing this command you’ll be entered into the virtual environment that you’ve created.</p>
<p>Now here we can install a specific version of django (for example – django 2.0.1).</p>
<p><strong>Note:</strong> As Batch files are not supported in Linux or Mac. So to activate the created virtual environment, you can use the command below.</p>
<p><strong><em>source my_env/bin/activate</em></strong></p>
<p><img class="aligncenter size-full wp-image-9150" src="https://www.thecrazyprogrammer.com/wp-content/uploads/2018/11/django-virtual-environment-6.png" alt="django virtual environment 6" width="729" height="372" srcset="https://www.thecrazyprogrammer.com/wp-content/uploads/2018/11/django-virtual-environment-6.png 729w, https://www.thecrazyprogrammer.com/wp-content/uploads/2018/11/django-virtual-environment-6-300x153.png 300w, https://www.thecrazyprogrammer.com/wp-content/uploads/2018/11/django-virtual-environment-6-660x337.png 660w" sizes="(max-width: 729px) 100vw, 729px" /></p>
<h4>Install Django in Virtual Environment</h4>
<p>Now we’re in the virtual environment, so if we install anything inside this environment, it won’t affect our system’s environment.</p>
<p>To install any version of django (example – django 2.0.1) use the command below.</p>
<p><strong><em>pip install django==2.0.1</em></strong></p>
<p><img class="aligncenter size-full wp-image-9149" src="https://www.thecrazyprogrammer.com/wp-content/uploads/2018/11/django-virtual-environment-5.png" alt="django virtual environment 5" width="839" height="480" srcset="https://www.thecrazyprogrammer.com/wp-content/uploads/2018/11/django-virtual-environment-5.png 839w, https://www.thecrazyprogrammer.com/wp-content/uploads/2018/11/django-virtual-environment-5-300x172.png 300w, https://www.thecrazyprogrammer.com/wp-content/uploads/2018/11/django-virtual-environment-5-660x378.png 660w" sizes="(max-width: 839px) 100vw, 839px" /></p>
<p>Now we have django 2.0.1 in our virtual environment. So you can create, run, test your django 2.0.1 projects in this environment.</p>
<h4>Deactivate Virtual Environment</h4>
<p><img class="aligncenter size-full wp-image-9151" src="https://www.thecrazyprogrammer.com/wp-content/uploads/2018/11/django-virtual-environment-7.png" alt="django virtual environment 7" width="737" height="323" srcset="https://www.thecrazyprogrammer.com/wp-content/uploads/2018/11/django-virtual-environment-7.png 737w, https://www.thecrazyprogrammer.com/wp-content/uploads/2018/11/django-virtual-environment-7-300x131.png 300w, https://www.thecrazyprogrammer.com/wp-content/uploads/2018/11/django-virtual-environment-7-660x289.png 660w" sizes="(max-width: 737px) 100vw, 737px" /></p>
<p>To deactivate virtual environment type the command below.</p>
<p><strong><em>deactivate</em></strong></p>
<p>That’s all. If you’ve any problem related with this article then please let us know in comment box. We’ll reply as soon as possible.</p>
<p>The post <a rel="nofollow" href="https://www.thecrazyprogrammer.com/2018/11/working-with-virtual-environment-for-django-project.html">Working with Virtual Environment for Django Project</a> appeared first on <a rel="nofollow" href="https://www.thecrazyprogrammer.com">The Crazy Programmer</a>.</p>
]]></content:encoded>
			<wfw:commentRss>https://www.thecrazyprogrammer.com/2018/11/working-with-virtual-environment-for-django-project.html/feed</wfw:commentRss>
		<slash:comments>0</slash:comments>
		</item><item xmlns:dc="http://purl.org/dc/elements/1.1/" xmlns:content="http://purl.org/rss/1.0/modules/content/" xmlns:wfw="http://wellformedweb.org/CommentAPI/" xmlns:slash="http://purl.org/rss/1.0/modules/slash/">
		<title>Advantages and Disadvantages of DBMS</title>
		<link>https://www.thecrazyprogrammer.com/2018/12/advantages-and-disadvantages-of-dbms.html</link>
		<comments>https://www.thecrazyprogrammer.com/2018/12/advantages-and-disadvantages-of-dbms.html#respond</comments>
		<pubDate>Wed, 05 Dec 2018 20:16:01 +0000</pubDate>
		<dc:creator><![CDATA[Neeraj Mishra]]></dc:creator>
				<category><![CDATA[SQL]]></category>

		<guid isPermaLink="false">https://www.thecrazyprogrammer.com/?p=9175</guid>
		<description><![CDATA[<p>In this article you will know about advantages and disadvantages of DBMS. Database management system is an efficient way to create, manage and update databases and also is a prolific replacement of the old file systems which were earlier used to store and retrieve records. The DBMS facilitates the users to work with large amount… <span class="read-more"><a href="https://www.thecrazyprogrammer.com/2018/12/advantages-and-disadvantages-of-dbms.html">Read More &#187;</a></span></p>
<p>The post <a rel="nofollow" href="https://www.thecrazyprogrammer.com/2018/12/advantages-and-disadvantages-of-dbms.html">Advantages and Disadvantages of DBMS</a> appeared first on <a rel="nofollow" href="https://www.thecrazyprogrammer.com">The Crazy Programmer</a>.</p>
]]></description>
				<content:encoded><![CDATA[<p>In this article you will know about advantages and disadvantages of DBMS.</p>
<p>Database management system is an efficient way to create, manage and update databases and also is a prolific replacement of the old file systems which were earlier used to store and retrieve records. The DBMS facilitates the users to work with large amount of databases with much ease and efficiency but it is very important to know the advantages and disadvantages of the same before we start working with it. So, let have a look on it.</p>
<p><strong>Also Read: <a href="https://www.thecrazyprogrammer.com/2018/04/difference-between-file-system-and-dbms.html" target="_blank" rel="noopener">Difference between File System and DBMS</a></strong></p>
<h2>Advantages of DBMS</h2>
<h3>1. Data Abstraction</h3>
<p>This is one of the most required characteristics of any software system and DBMS works quite efficiently in this field too. It hides the unnecessary details from the end user and just shows what is useful to him for completion of his task. Thus, it also reduces the overhead of hidden complexities and makes it an easy system to work with.</p>
<h3>2. Data Redundancy Control</h3>
<p>Database Management System also removes the redundancy in the record system efficiently by using the ACID  (Atomicity, Consistency, Isolation and Durability) and normalization properties.</p>
<h3>3. Minimization of Data Inconsistency</h3>
<p>Since the Database Management System reduces the redundancy of the system it also easily makes the system consistent by removing all the inconsistencies.</p>
<h3>4. Ease in Data Manipulation</h3>
<p>The DBMS uses database manipulative languages such as SQL with commands like SELECT (used for selection of records from one or more tables), INSERT (for insertion of a record into tables), UPDATE (updates the existing information of records) and DELETE (for removing one or more records from a table) to manipulate the information of the database so that it is always easily updated.</p>
<h3>5. Data Security</h3>
<p>The Database Management System, unlike the former file system comes with a secured login password (separate for admin and the user), through which the user and admin (also for changes) access can be secured up to a large extent.</p>
<h3>6. Concurrent Access of Database</h3>
<p>Multiple users can access the same database and thus data sharing is made possible easily. Users don’t have to worry about being only at a particular place for using the database; they may use it according to their ease and as per the basic software and hardware requirements of the database.</p>
<h3>7. Improved Data Access</h3>
<p>The data is stored in a sorted manner which makes the data access very efficient and easy. The user can directly retrieve what he wants to without bothering about the excess and redundant records other than what is required by him. This also saves a lot of time.</p>
<h3>8. Data Independence</h3>
<p>The data stored in a particular database is totally independent of any other data. We can look for the data of our choice without considering any other data.</p>
<h2>Disadvantages of DBMS</h2>
<h3>1. Increased Cost</h3>
<p>In order to have a Database Management System, we need to have a high speed processor along with a large memory size which requires an expensive hardware and hence correspondingly expensive software too.</p>
<p>Also, in order to convert our data into a Database Management System we need to spend a lot which adds on to the cost of the Database Management System.</p>
<p>In order to work with a Database Management System we also require a trained and educated staff and this also requires a good amount.</p>
<p>So, Database Management System results in a costlier system altogether.</p>
<h3>2. Management Complexity</h3>
<p>Once you have equipped Database Management System it is not a child’s game to manage the same. You need to have good staff with management capabilities; at times it becomes quite complicated to decide from where to pick data and where to save that data.</p>
<h3>3. Maintenance Cost</h3>
<p>Database Management System also calls for a high maintenance cost which includes the cost to maintain the Database Management System once it is made.</p>
<h3>4. Frequency Upgrade/Replacement Cycle</h3>
<p>There need to be frequent upgrades and changes in the Database Management System in order to stay up-to-date and in accordance with the latest technological trends and developments in the markets. Sometimes these changes and updating are so fast that the users don’t feel easy working with the systems and even the admin may find it a bit difficult to keep up with the system’s changes (learning new commands and understanding them every time a new update is made).</p>
<p>DBMS is a wide area and before working in this field it is very important how it can be useful to us as per our needs. The above points give a great idea around that prospect.</p>
<p>The post <a rel="nofollow" href="https://www.thecrazyprogrammer.com/2018/12/advantages-and-disadvantages-of-dbms.html">Advantages and Disadvantages of DBMS</a> appeared first on <a rel="nofollow" href="https://www.thecrazyprogrammer.com">The Crazy Programmer</a>.</p>
]]></content:encoded>
			<wfw:commentRss>https://www.thecrazyprogrammer.com/2018/12/advantages-and-disadvantages-of-dbms.html/feed</wfw:commentRss>
		<slash:comments>0</slash:comments>
		</item><item xmlns:dc="http://purl.org/dc/elements/1.1/" xmlns:content="http://purl.org/rss/1.0/modules/content/" xmlns:wfw="http://wellformedweb.org/CommentAPI/" xmlns:slash="http://purl.org/rss/1.0/modules/slash/">
		<title>Innovative Tools You Should Consider for Your Business</title>
		<link>https://www.thecrazyprogrammer.com/2018/12/innovative-tools-you-should-consider-for-your-business.html</link>
		<comments>https://www.thecrazyprogrammer.com/2018/12/innovative-tools-you-should-consider-for-your-business.html#respond</comments>
		<pubDate>Sat, 15 Dec 2018 04:59:42 +0000</pubDate>
		<dc:creator><![CDATA[Neeraj Mishra]]></dc:creator>
				<category><![CDATA[Sponsored]]></category>

		<guid isPermaLink="false">https://www.thecrazyprogrammer.com/?p=9185</guid>
		<description><![CDATA[<p>We’re living in a golden age of innovation. Every day, more and more products are introduced to the market that can help streamline and improve your business’ workflow. The internet is loaded with resources that can help you and your team communicate better, share information with each other, and improve your visibility with prospective clients.… <span class="read-more"><a href="https://www.thecrazyprogrammer.com/2018/12/innovative-tools-you-should-consider-for-your-business.html">Read More &#187;</a></span></p>
<p>The post <a rel="nofollow" href="https://www.thecrazyprogrammer.com/2018/12/innovative-tools-you-should-consider-for-your-business.html">Innovative Tools You Should Consider for Your Business</a> appeared first on <a rel="nofollow" href="https://www.thecrazyprogrammer.com">The Crazy Programmer</a>.</p>
]]></description>
				<content:encoded><![CDATA[<p>We’re living in a golden age of <a href="https://justcreative.com/2014/05/27/best-start-up-marketing-strategies/" target="_blank" rel="noopener">innovation</a>. Every day, more and more products are introduced to the market that can help streamline and improve your business’ workflow. The internet is loaded with resources that can help you and your team communicate better, share information with each other, and improve your visibility with prospective clients.</p>
<p>However, the sheer size of the internet can make it difficult to weed out good products from the bad. Companies are fighting for the attention of consumers, and often it’s the loudest and most bold advertising scheme that grabs people’s attention—but when has the loudest ever equated with the best?</p>
<p><img class="aligncenter size-full wp-image-9186" src="https://www.thecrazyprogrammer.com/wp-content/uploads/2018/12/Innovative-Tools-You-Should-Consider-for-Your-Business-1.jpg" alt="Innovative Tools You Should Consider for Your Business 1" width="816" height="507" srcset="https://www.thecrazyprogrammer.com/wp-content/uploads/2018/12/Innovative-Tools-You-Should-Consider-for-Your-Business-1.jpg 816w, https://www.thecrazyprogrammer.com/wp-content/uploads/2018/12/Innovative-Tools-You-Should-Consider-for-Your-Business-1-300x186.jpg 300w, https://www.thecrazyprogrammer.com/wp-content/uploads/2018/12/Innovative-Tools-You-Should-Consider-for-Your-Business-1-660x410.jpg 660w" sizes="(max-width: 816px) 100vw, 816px" /></p>
<p>Despite all the white noise, there are certain products and programs that stand out. Smart businesses have discovered them, and they use them to boost their productivity, drive their operations, and improve their performance.</p>
<h3>Upwork</h3>
<p>Even though many businesses retain salaried staff, there are always occasional projects that require skills that aren’t possessed by internal employees. In these cases, it’s common for businesses to turn to freelancers. However, vetting freelancers can be tricky. They arrive from word-of-mouth sources, or are found on websites like Craiglist with suspect resumes.</p>
<p><a href="https://www.upwork.com" target="_blank" rel="noopener">Upwork</a> removes all of these sketchy variables from the freelance hiring process. Their workers are heavily vetted, and their reference system ensures that potential hires are credible, proven, and capable.</p>
<h3>Quora</h3>
<p>Sometimes no one around the office can answer a technical question, or you and your team are struggling to plan your business’ next step. In these cases, Quora—a crowd sourced Q&amp;A forum—can often provide you with answers. People who sign up and use Quora to both answer and ask questions are vetted in ways that other crowd sourced forums haven’t been in the past. It’s a great place to ask questions about the latest <a href="https://store.hp.com/app/tech-takes/saving-hard-drive-space-using-cloud-storage" target="_blank" rel="noopener">cloud storage hard drive</a>, or how other businesses have dealt with personnel issues.</p>
<h3>Slack</h3>
<p>Gone are the days when teams need to physically seek each other out for every little question that they might have about a project. If someone in the office needs to send a large batch of files, or to ask a quick question, Slack provides a condensed and closed-off space only accessible by members of your business.</p>
<p><a href="https://slack.com" target="_blank" rel="noopener">Slack</a> is used by businesses of all sizes, and in many workspaces it’s become mandatory. It can streamline projects, help organize teams and information, while at the same time guaranteeing a level of security that prevents outsiders from accessing your business information.</p>
<p><img class="aligncenter size-full wp-image-9187" src="https://www.thecrazyprogrammer.com/wp-content/uploads/2018/12/Innovative-Tools-You-Should-Consider-for-Your-Business-2.jpg" alt="Innovative Tools You Should Consider for Your Business 2" width="846" height="564" srcset="https://www.thecrazyprogrammer.com/wp-content/uploads/2018/12/Innovative-Tools-You-Should-Consider-for-Your-Business-2.jpg 846w, https://www.thecrazyprogrammer.com/wp-content/uploads/2018/12/Innovative-Tools-You-Should-Consider-for-Your-Business-2-300x200.jpg 300w, https://www.thecrazyprogrammer.com/wp-content/uploads/2018/12/Innovative-Tools-You-Should-Consider-for-Your-Business-2-660x440.jpg 660w" sizes="(max-width: 846px) 100vw, 846px" /></p>
<h3>Squarespace</h3>
<p>Even in the internet age when face-to-face interaction has been drastically reduced, first impressions are still important. With so much content on the internet, having a sleek website can help your company stand out from the rest. Enter <a href="https://www.squarespace.com" target="_blank" rel="noopener">Squarespace</a>.</p>
<p>Squarespace is a website builder that is easy to use and offers premade templates that will fit any business. Their websites are elegant, minimal, and very easy to manage. If you ever have trouble on the backend, a dedicated support team is there to clear up questions that you may have and to help with any and all development issues. Squarespace is the full package, and should be the first step for any company who wants to present themselves online in a respectable way.</p>
<h3>Things</h3>
<p>If you’re tired of losing track of information or you’re having difficulty digging up files that you need to transfer, <a href="https://culturedcode.com/things/" target="_blank" rel="noopener">Things</a> offers a streamlined personal task management system that is award-winning and increasingly popular among companies. It helps you manage all of the tasks that might otherwise overwhelm a busy company, and keep everything organized so that employees can easily refer to their designated assignments.</p>
<p>Not only is Things incredibly useful, it’s also easy to use. Other task managers get bogged down by poorly designed user interfaces and an overwhelming number of options, but Things was built with a sleek design that was intended to make navigation simple.</p>
<p>No matter the size of your business or how successful it might be, there’s always room for improvement. It’s worth investing in tools that can take your productivity to the next level. Beginning with the products on this list, you can get your efficiency soaring and will have clients knocking on your door in no time.</p>
<p>The post <a rel="nofollow" href="https://www.thecrazyprogrammer.com/2018/12/innovative-tools-you-should-consider-for-your-business.html">Innovative Tools You Should Consider for Your Business</a> appeared first on <a rel="nofollow" href="https://www.thecrazyprogrammer.com">The Crazy Programmer</a>.</p>
]]></content:encoded>
			<wfw:commentRss>https://www.thecrazyprogrammer.com/2018/12/innovative-tools-you-should-consider-for-your-business.html/feed</wfw:commentRss>
		<slash:comments>0</slash:comments>
		</item></Programmer>

    <Overwatch>
        <entry xmlns="http://www.w3.org/2005/Atom">
            <published>2018-12-03T16:09:02-05:00</published>
            <updated>2018-12-03T16:09:02-05:00</updated>
            <title>Overwatch League roster changes for the 2019 season</title>
            <content type="html">  
    &lt;img alt="" src="https://cdn.vox-cdn.com/thumbor/CwSmmf7Ty-fr_qA85VWCR-kkRF8=/0x224:4240x2609/640x360/cdn.vox-cdn.com/uploads/chorus_image/image/61150997/1006425770.0.jpg" /&gt;



  &lt;p&gt;There’s been a flurry of roster releases, changes, and announcements&lt;/p&gt;
  &lt;p&gt;
    &lt;a href="https://www.heroesneverdie.com/2018/9/5/17820848/overwatch-league-roster-changes-2019-season"&gt;Continue reading&amp;hellip;&lt;/a&gt;
  &lt;/p&gt;

            </content>
            <link rel="alternate" type="text/html" href="https://www.heroesneverdie.com/2018/9/5/17820848/overwatch-league-roster-changes-2019-season"/>
            <id>https://www.heroesneverdie.com/2018/9/5/17820848/overwatch-league-roster-changes-2019-season</id>
            <author>
                <name>Austen Goslin</name>
            </author>
        </entry>
    <entry xmlns="http://www.w3.org/2005/Atom">
    <published>2018-12-05T14:20:00-05:00</published>
    <updated>2018-12-05T14:20:00-05:00</updated>
    <title>Overwatch is teasing Winter Wonderland skins, starting with Zarya</title>
    <content type="html">  
    &lt;img alt="" src="https://cdn.vox-cdn.com/thumbor/0pMCqsYezAyrwmhMdkGluw3z15U=/0x0:5120x2880/640x360/cdn.vox-cdn.com/uploads/chorus_image/image/62631278/OW_Winter_027.0.png" /&gt;



  &lt;p&gt;I want that skin, or at least a merch version of that hat&lt;/p&gt;
  &lt;p&gt;
    &lt;a href="https://www.heroesneverdie.com/2018/12/5/18127712/overwatch-winter-wonderland-2018-skin-teasers"&gt;Continue reading&amp;hellip;&lt;/a&gt;
  &lt;/p&gt;

</content>
    <link rel="alternate" type="text/html" href="https://www.heroesneverdie.com/2018/12/5/18127712/overwatch-winter-wonderland-2018-skin-teasers"/>
    <id>https://www.heroesneverdie.com/2018/12/5/18127712/overwatch-winter-wonderland-2018-skin-teasers</id>
    <author>
      <name>Cass Marshall</name>
    </author>
  </entry><entry xmlns="http://www.w3.org/2005/Atom">
    <published>2018-12-11T15:49:39-05:00</published>
    <updated>2018-12-11T15:49:39-05:00</updated>
    <title>You can now buy Overwatch League away skins</title>
    <content type="html">  
    &lt;img alt="" src="https://cdn.vox-cdn.com/thumbor/ijbacHlZFh_cRjuh0KOZuprZbYI=/0x0:1422x800/640x360/cdn.vox-cdn.com/uploads/chorus_image/image/62664745/TM4SWHX9BNPG1544220566373.0.jpg" /&gt;



  &lt;p&gt;A minimalist touch of OWL for your collection&lt;/p&gt;
  &lt;p&gt;
    &lt;a href="https://www.heroesneverdie.com/2018/12/11/18136596/overwatch-league-away-skins-available-tokens"&gt;Continue reading&amp;hellip;&lt;/a&gt;
  &lt;/p&gt;

</content>
    <link rel="alternate" type="text/html" href="https://www.heroesneverdie.com/2018/12/11/18136596/overwatch-league-away-skins-available-tokens"/>
    <id>https://www.heroesneverdie.com/2018/12/11/18136596/overwatch-league-away-skins-available-tokens</id>
    <author>
      <name>Cass Marshall</name>
    </author>
  </entry></Overwatch>
</Saved>
